,year,annual_national_rfq,monsoon_rfq,drought_frequency,lag_1_rfq,lag_2_rfq,total_external_debt,debt_growth_rate
year,1.0,-0.04900544389661113,0.006181199595578411,-0.1481734452108978,-0.021736310336772886,-0.08169040106800489,0.8428714031677917,0.0823361315595394
annual_national_rfq,-0.04900544389661113,1.0,0.7043395353755427,-0.32372938648634336,-0.1619132706502083,0.16636760941922243,0.06733376549646078,0.18767930699602556
monsoon_rfq,0.006181199595578411,0.7043395353755427,1.0,-0.2905796118851304,0.0371091776519279,0.010957882019873709,0.07637142124029685,0.12482187289386328
drought_frequency,-0.1481734452108978,-0.32372938648634336,-0.2905796118851304,1.0,0.09134870420710248,0.12004185513807966,-0.0970147657009789,-0.09559613365881559
lag_1_rfq,-0.021736310336772886,-0.1619132706502083,0.0371091776519279,0.09134870420710248,1.0,-0.18658401996994622,0.10108316112876459,0.11589906238831124
lag_2_rfq,-0.08169040106800489,0.16636760941922243,0.010957882019873709,0.12004185513807966,-0.18658401996994622,1.0,0.07634354035354664,0.04059740287150124
total_external_debt,0.8428714031677917,0.06733376549646078,0.07637142124029685,-0.0970147657009789,0.10108316112876459,0.07634354035354664,1.0,0.1904518667641661
debt_growth_rate,0.0823361315595394,0.18767930699602556,0.12482187289386328,-0.09559613365881559,0.11589906238831124,0.04059740287150124,0.1904518667641661,1.0
